,basic-subset,extension,location,extension-location
Test-MAE,17379.34,16055.4,17518.9,15880.92
Test-MAPE,0.1964,0.1962,0.2223,0.2037
Test-RMSE,26280.73,23608.75,26954.99,24364.68
Test-N-RMSE,0.0991,0.0891,0.1017,0.0919
Test-IQR-RMSE,0.4259,0.3826,0.4369,0.3949
Test-CV-RMSE,0.2885,0.2592,0.2959,0.2675
Test-R2,0.6609,0.7263,0.6432,0.7085
Training-Duration,84.504,66.296,65.645,65.781
Test-Duration,0.0014375608,0.0016035878,0.0015959789,0.0017603271
