,basic-subset,location,extension,location-extension
Test-MAE,14802.32,16062.54,15660.18,13998.19
Test-MAPE,0.1788,0.2109,0.2024,0.175
Test-RMSE,22631.87,24201.68,23875.97,21465.11
Test-N-RMSE,0.095,0.1016,0.1002,0.0901
Test-IQR-RMSE,0.4373,0.4677,0.4614,0.4148
Test-CV-RMSE,0.2585,0.2765,0.2727,0.2452
Test-R2,0.6736,0.6268,0.6368,0.7064
Training-Duration,63.614,64.075,64.128,64.248
Test-Duration,0.0014690955,0.0016449648,0.0016370268,0.001777025
