model_id,rank,ensemble_weight,type,cost,duration,config_id,train_loss,seed,start_time,end_time,budget,status,data_preprocessors,feature_preprocessors,balancing_strategy,config_origin
7,1,0.82,extra_trees,17385.707987514434,1.1213951110839844,6,17703.759043479808,0,1700750384.1572921,1700750385.3012345,0.0,StatusType.SUCCESS,[],['no_preprocessing'],,Initial design
5,2,0.16,adaboost,18696.526698722577,0.895134449005127,4,8259.019111294796,0,1700750376.0887935,1700750377.0038962,0.0,StatusType.SUCCESS,[],['feature_agglomeration'],,Initial design
2,3,0.0,random_forest,19707.89582356019,2.1461377143859863,1,7824.098191748436,0,1700750372.4967961,1700750374.6622753,0.0,StatusType.SUCCESS,[],['no_preprocessing'],,Initial design
9,4,0.0,extra_trees,20681.833190495094,2.072401523590088,8,395.0166871089306,0,1700750387.9114947,1700750390.0074248,0.0,StatusType.SUCCESS,[],['polynomial'],,Initial design
16,5,0.0,gradient_boosting,21797.072461839638,2.6846115589141846,15,7747.466937554439,0,1700750414.0463142,1700750416.753836,0.0,StatusType.SUCCESS,[],['feature_agglomeration'],,Initial design
12,6,0.0,extra_trees,24464.448357209872,4.995437383651733,11,25686.02134438993,0,1700750397.8487332,1700750402.864373,0.0,StatusType.SUCCESS,[],['extra_trees_preproc_for_regression'],,Initial design
8,7,0.0,random_forest,28475.136391725606,2.3694851398468018,7,12264.59821063531,0,1700750385.4035518,1700750387.794819,0.0,StatusType.SUCCESS,[],['fast_ica'],,Initial design
4,8,0.0,decision_tree,30534.995381062356,0.4966866970062256,3,32202.899886234358,0,1700750375.5006194,1700750376.0177262,0.0,StatusType.SUCCESS,[],['no_preprocessing'],,Initial design
11,9,0.02,k_nearest_neighbors,31108.62796802829,0.4789285659790039,10,2441.453356086462,0,1700750397.2070384,1700750397.7058356,0.0,StatusType.SUCCESS,[],['select_rates_regression'],,Initial design
