model_id,rank,ensemble_weight,type,cost,duration,config_id,train_loss,seed,start_time,end_time,budget,status,data_preprocessors,feature_preprocessors,balancing_strategy,config_origin
7,1,0.82,extra_trees,17385.707987514434,1.152440071105957,6,17703.759043479808,0,1701016579.0077276,1701016580.1780632,0.0,StatusType.SUCCESS,[],['no_preprocessing'],,Initial design
5,2,0.16,adaboost,18696.526698722577,0.9288012981414795,4,8259.019111294796,0,1701016570.9219975,1701016571.870535,0.0,StatusType.SUCCESS,[],['feature_agglomeration'],,Initial design
2,3,0.0,random_forest,19707.89582356019,2.0822901725769043,1,7824.098191748436,0,1701016567.58098,1701016569.6847253,0.0,StatusType.SUCCESS,[],['no_preprocessing'],,Initial design
16,4,0.0,gradient_boosting,21797.072461839638,2.0337743759155273,15,7747.466937554439,0,1701016598.4894354,1701016600.543757,0.0,StatusType.SUCCESS,[],['feature_agglomeration'],,Initial design
12,5,0.0,extra_trees,24464.448357209872,5.487979173660278,11,25686.02134438993,0,1701016584.616674,1701016590.1290975,0.0,StatusType.SUCCESS,[],['extra_trees_preproc_for_regression'],,Initial design
8,6,0.0,random_forest,28475.136391725606,2.3494529724121094,7,12264.59821063531,0,1701016580.2589889,1701016582.6308382,0.0,StatusType.SUCCESS,[],['fast_ica'],,Initial design
11,7,0.02,k_nearest_neighbors,31088.61630791715,0.5574038028717041,10,2376.9971558589305,0,1701016583.9401793,1701016584.5150986,0.0,StatusType.SUCCESS,[],['select_rates_regression'],,Initial design
