,basic-subset,extension,location,extension-location
Test-MAE,16275.57,14990.61,14416.97,13483.73
Test-MAPE,0.2207,0.2151,0.2,0.1978
Test-RMSE,23923.83,21670.72,21395.0,19559.39
Test-N-RMSE,0.0886,0.0803,0.0792,0.0724
Test-IQR-RMSE,0.3839,0.3478,0.3433,0.3139
Test-CV-RMSE,0.2606,0.236,0.233,0.213
Test-R2,0.7183,0.7689,0.7747,0.8117
Training-Duration,2091.137,2198.16,2157.258,1916.18
Test-Duration,0.0008711381,0.0011855352,0.0009068206,0.0457553765
