,basic-subset,extension,location,extension-location
Test-MAE,17755.12,15065.34,17866.18,16420.56
Test-MAPE,0.1998,0.188,0.2032,0.2081
Test-RMSE,26645.29,22508.27,26565.39,25614.75
Test-N-RMSE,0.1005,0.0849,0.1002,0.0966
Test-IQR-RMSE,0.4319,0.3648,0.4306,0.4151
Test-CV-RMSE,0.2925,0.2471,0.2916,0.2812
Test-R2,0.6514,0.7512,0.6535,0.6778
Training-Duration,70.377,65.928,65.429,65.641
Test-Duration,0.0014530097,0.0016250414,0.0016209809,0.0017845934
