,basic-subset,extension,location,extension-location
Test-MAE,14715.76,16618.9,14756.34,15235.1
Test-MAPE,0.1656,0.1792,0.166,0.1735
Test-RMSE,22236.73,24309.9,22967.33,22295.32
Test-N-RMSE,0.1029,0.1125,0.1063,0.1032
Test-IQR-RMSE,0.4318,0.472,0.446,0.4329
Test-CV-RMSE,0.2474,0.2705,0.2555,0.248
Test-R2,0.6986,0.6397,0.6784,0.697
Training-Duration,65.457,65.677,65.795,65.978
Test-Duration,0.0014615862,0.0016172227,0.0016389336,0.0017481416
