,basic-subset,extension,location,extension-location
Test-MAE,17293.93,15393.94,17645.45,16110.26
Test-MAPE,0.2033,0.1894,0.2089,0.1867
Test-RMSE,27038.22,23458.05,25611.55,25377.76
Test-N-RMSE,0.102,0.0885,0.0966,0.0957
Test-IQR-RMSE,0.4382,0.3802,0.4151,0.4113
Test-CV-RMSE,0.2968,0.2575,0.2812,0.2786
Test-R2,0.641,0.7298,0.6779,0.6838
Training-Duration,65.583,65.791,65.524,65.99
Test-Duration,0.0014712286,0.0016127173,0.0016011766,0.0017544355
