,basic-subset,location,extension,location-extension
Test-MAE,18820.82,20345.44,16876.8,17527.35
Test-MAPE,0.1873,0.2027,0.1749,0.1906
Test-RMSE,36484.51,38838.84,32773.79,33522.28
Test-N-RMSE,0.0663,0.0706,0.0595,0.0609
Test-IQR-RMSE,0.5814,0.6189,0.5223,0.5342
Test-CV-RMSE,0.3722,0.3963,0.3344,0.342
Test-R2,0.5702,0.513,0.6532,0.6372
Training-Duration,4039.566,190.077,65.926,66.489
Test-Duration,0.0014595749,0.0016117798,0.0016172757,0.0017918103
