,basic-subset,location,extension,location-extension
Test-MAE,16004.81,15632.61,14502.18,13837.57
Test-MAPE,0.189,0.1793,0.1666,0.1606
Test-RMSE,22525.56,21722.29,21288.64,20189.82
Test-N-RMSE,0.1078,0.1039,0.1019,0.0966
Test-IQR-RMSE,0.4405,0.4248,0.4163,0.3949
Test-CV-RMSE,0.2511,0.2422,0.2373,0.2251
Test-R2,0.6876,0.7095,0.7209,0.749
Training-Duration,63.853,64.311,64.413,64.427
Test-Duration,0.0014602428,0.0016303747,0.0016488513,0.0017741394
